species	subfamily_rows	analyzed_loci	normal_singleton_loci	abnormal_clustered_loci	pct_abnormal_clustered_loci	n_components_non_singleton	max_component_size	tandem_satellite_loci	same_contig_local_loci	same_contig_segmental_loci	dispersed_cross_contig_loci	suspicious_sequential_contigs_loci
Achalinus_rufescens	3	3026	2929	97	3.2056	46	3	16	48	0	33	0
Acrochordus_granulatus	3	4349	4349	0	0.0	0	0	0	0	0	0	0
Amphiglossus_igneocaudatus	3	38542	38160	382	0.9911	137	21	6	91	8	277	0
Amphisbaena_fuliginosa	3	42070	40553	1517	3.6059	493	40	4	432	36	733	312
Anilios_bituberculatus	3	4508	4508	0	0.0	0	0	0	0	0	0	0
Anilios_erycinus_AMNHR176839	3	32086	30199	1887	5.8811	338	186	29	44	0	1218	596
Anilius_scytale	3	8254	8249	5	0.0606	2	3	0	0	0	5	0
Anilius_scytale_AMNHR152258	3	11262	11194	68	0.6038	23	8	0	30	8	30	0
Anniella_stebbinsi	3	70181	69470	711	1.0131	261	11	8	419	50	234	0
Anolis_carolinensis	3	8323	8263	60	0.7209	23	5	18	18	0	24	0
Aristelliger_praesignis	3	65429	64799	630	0.9629	239	14	14	256	32	148	180
Arizona_elegans	3	2939	2900	39	1.327	13	5	0	20	2	17	0
Asaccus_caudivolvulus	3	86500	85958	542	0.6266	202	15	51	229	81	181	0
Aspidoscelis_tigris	3	10997	10967	30	0.2728	13	3	6	19	0	5	0
Azemiops_feae	3	3823	3740	83	2.1711	40	3	0	12	0	71	0
Bachia_flavescens_AMNHR151921	3	3708	3548	160	4.315	78	3	2	2	0	154	2
Basiliscus_vittatus	3	24563	24541	22	0.0896	11	2	0	0	0	22	0
Bavayia_robusta	3	51494	50056	1438	2.7926	686	14	4	144	0	1138	152
Boa_constrictor	3	9089	9082	7	0.077	3	3	0	2	0	5	0
Brachylophus_fasciatus	3	25097	25097	0	0.0	0	0	0	0	0	0	0
Calamaria_pavimentata_AMNHR147132	3	1534	1384	150	9.7784	74	3	0	0	0	148	2
Calotes_versicolor	3	27758	24446	3312	11.9317	949	182	4	50	0	2016	1242
Candoia_aspera	3	11242	11186	56	0.4981	25	4	0	48	4	4	0
Chamaeleo_calyptratus	3	9070	9060	10	0.1103	5	2	2	6	0	2	0
Charina_bottae	3	11120	11023	97	0.8723	43	4	0	65	10	22	0
Christinus_marmoratus	3	132000	126833	5167	3.9144	1493	79	215	1232	283	1405	2032
Coleonyx_brevis	3	68038	67001	1037	1.5241	493	6	8	584	54	385	6
Coleonyx_elegans	3	54868	54840	28	0.051	13	4	0	4	0	24	0
Corallus_caninus	3	10270	10268	2	0.0195	1	2	2	0	0	0	0
Correlophus_ciliatus	3	73919	72850	1069	1.4462	370	28	19	634	80	336	0
Correlophus_ciliatus_local	3	77716	74865	2851	3.6685	1281	27	14	1317	150	1340	30
Correlophus_sarasinorum	3	75525	73228	2297	3.0414	1071	9	18	608	73	1593	5
Crotalus_horridus	3	3138	3086	52	1.6571	24	4	0	24	4	24	0
Cryptoblepharus_egeriae	3	19035	18101	934	4.9068	451	8	0	49	23	862	0
Cyclura_pinguis	3	26132	26081	51	0.1952	24	3	8	15	4	24	0
Cylindrophis_ruffus	3	10236	10135	101	0.9867	46	5	26	63	2	8	2
Dibamus_smithi	3	67963	62537	5426	7.9838	2463	92	18	353	82	4973	0
Diploglossus_plei_MVZ_Herp_230146	3	34732	34222	510	1.4684	184	10	0	212	6	220	72
Dopasia_gracilis	3	55777	55548	229	0.4106	102	7	12	158	24	35	0
Elaphe_schrenckii	3	3164	3140	24	0.7585	12	2	0	12	0	12	0
Elgaria_multicarinata	3	66028	65408	620	0.939	230	17	46	379	46	149	0
Emoia_atrocostata	3	17009	16895	114	0.6702	57	2	0	18	0	94	2
Eryx_jayakari	3	8546	8416	130	1.5212	65	2	0	2	0	48	80
Eryx_tataricus	3	10666	10571	95	0.8907	47	3	20	63	4	8	0
Eublepharis_macularius	3	74220	73292	928	1.2503	271	56	10	325	204	389	0
Eublepharis_macularius_local	3	75431	73779	1652	2.1901	647	76	4	1037	73	185	353
Euleptes_europaea	3	136378	134753	1625	1.1915	575	20	147	555	58	865	0
Eutropis_multifasciata	3	35968	35408	560	1.5569	259	10	0	138	2	418	2
Furcifer_pardalis	3	8947	8921	26	0.2906	5	9	0	26	0	0	0
Gallotia_galloti	3	51129	50776	353	0.6904	154	7	0	18	0	335	0
Gambelia_wislizenii	3	25981	25883	98	0.3772	35	6	0	28	12	58	0
Gehyra_mutilata	3	69492	67610	1882	2.7082	849	25	100	651	93	993	45
Gehyra_mutilata_hifi	3	70115	67528	2587	3.6897	1115	43	123	210	43	2153	58
Gehyra_mutilata_local	3	69480	67594	1886	2.7145	851	25	100	647	93	1001	45
Gekko_gecko	3	119848	115307	4541	3.789	1389	168	230	696	324	3291	0
Gekko_japonicus	3	99740	97052	2688	2.695	1164	53	424	311	26	1927	0
Gekko_japonicus_local	3	108106	104347	3759	3.4771	1339	103	210	1517	141	809	1082
Gerrhopilus_hedraeus	3	14537	14313	224	1.5409	79	40	4	79	0	141	0
Gonatodes_alexandermendesi	3	26470	26465	5	0.0189	2	3	0	0	0	5	0
Heloderma_charlesbogerti	3	95328	92638	2690	2.8218	811	244	19	384	2	2285	0
Hemicordylus_capensis	3	238553	227764	10789	4.5227	1456	959	51	2344	4589	3805	0
Hemidactylus_brookii	3	43229	42956	273	0.6315	48	29	4	0	2	267	0
Hemidactylus_flaviviridis	3	53517	53411	106	0.1981	52	4	6	2	0	98	0
Hemidactylus_frenatus	3	51526	50616	910	1.7661	391	13	16	393	56	418	27
Hemidactylus_mabouia	3	48648	48046	602	1.2375	281	10	40	324	40	180	18
Hemidactylus_macropholis	3	41766	41752	14	0.0335	7	2	0	0	0	14	0
Heteronotia_binoei	3	141249	134302	6947	4.9183	2416	72	385	2853	393	3316	0
Heteronotia_binoei_local	3	138085	131842	6243	4.5211	2223	72	289	2512	295	1599	1548
Holbrookia_maculata_amplify_assembly	3	17317	17184	133	0.768	66	3	2	6	0	125	0
Hydrophis_major	3	2388	2347	41	1.7169	19	3	0	24	8	9	0
Hypsiscopus_plumbea	3	2573	2526	47	1.8267	20	5	12	13	0	22	0
Iguana_iguana	3	25435	25354	81	0.3185	38	3	4	40	0	37	0
Indotyphlops_braminus	3	42295	36559	5736	13.5619	2437	87	16	292	28	5400	0
Lacerta_agilis	3	57495	56723	772	1.3427	326	29	6	634	9	123	0
Lanthanotus_borneensis	3	59777	58465	1312	2.1948	290	33	2	56	0	1254	0
Latastia_doriai	3	34256	34224	32	0.0934	16	2	0	4	0	28	0
Laudakia_wui	3	26528	26293	235	0.8859	80	15	0	171	10	54	0
Lepidodactylus_listeri	3	117914	106088	11826	10.0293	681	2932	139	757	202	10728	0
Lepidodactylus_lugubris	3	157179	148507	8672	5.5173	4008	128	14	234	86	8338	0
Lepidophyma_tuxtlae_AMNHR503212	3	61028	58106	2922	4.788	1325	24	18	142	0	2698	64
Lerista_edwardsae	3	29057	25308	3749	12.9022	1821	21	6	18	0	3725	0
Lialis_burtonis	3	67909	56747	11162	16.4367	5394	26	4	6784	3088	1028	258
Liasis_olivaceus	3	12351	12039	312	2.5261	37	49	0	34	22	256	0
Lichanura_trivirgata	3	11556	11422	134	1.1596	59	8	0	42	15	77	0
Loxocemus_bicolor	3	12067	12000	67	0.5552	28	12	6	23	12	26	0
Loxocemus_bicolor_amplify_assembly	3	11994	11927	67	0.5586	28	12	6	23	12	26	0
Mabuya_mabouya	3	32779	32278	501	1.5284	201	11	0	156	28	247	70
Malayopython_reticulatus	3	10518	10516	2	0.019	1	2	0	0	0	2	0
Marisora_unimarginata	3	48381	48346	35	0.0723	17	3	2	0	0	33	0
Mediodactylus_kotschyi	3	68388	67356	1032	1.509	225	42	57	305	181	489	0
Morelia_carinata	3	9714	9712	2	0.0206	1	2	0	2	0	0	0
Morelia_viridis	3	11872	11868	4	0.0337	2	2	0	2	0	2	0
Myanophis_thanlyinensis	3	2734	2728	6	0.2195	3	2	0	0	0	6	0
Naja_naja	3	1081	1055	26	2.4052	12	3	0	23	0	3	0
Nephrurus_levis	3	50028	49142	886	1.771	426	8	10	476	8	364	28
Oplurus_cyclurus	3	31623	30602	1021	3.2287	460	9	0	72	0	895	54
Paroedura_picta	3	52374	51550	824	1.5733	246	78	39	309	294	182	0
Paroedura_stumpffi	3	62294	60802	1492	2.3951	355	78	90	390	348	497	167
Petracola_ventrimaculatus	3	7119	6388	731	10.2683	361	4	14	37	0	652	28
Phelsuma_laticauda	3	85076	84213	863	1.0144	358	11	62	387	27	299	88
Pholidobolus_sp	3	6720	6446	274	4.0774	136	3	2	14	0	258	0
Phyllodactylus_wirshingi	3	80637	77420	3217	3.9895	1275	84	20	533	43	1994	627
Podarcis_cretensis	3	56051	55727	324	0.578	130	11	8	240	14	62	0
Podarcis_lilfordi	3	57331	56963	368	0.6419	161	7	10	185	6	167	0
Podarcis_muralis	3	58410	55402	3008	5.1498	1404	11	6	2029	38	935	0
Pogona_vitticeps	3	19244	19164	80	0.4157	33	6	2	51	4	23	0
Pygopus_nigriceps	3	63916	60278	3638	5.6918	1502	24	10	2197	79	1227	125
Python_bivittatus	3	11606	11548	58	0.4997	29	2	6	48	0	4	0
Rena_humilis_AMNHR504812	3	46951	44423	2528	5.3843	652	84	50	238	0	2072	168
Rhineura_floridana	3	135873	129761	6112	4.4983	951	567	16	900	263	4933	0
Rhinophis_saffragamus	3	5261	5259	2	0.038	1	2	2	0	0	0	0
Riama_orcesi	3	46870	39018	7852	16.7527	3836	11	26	100	0	7468	258
Salvator_merianae	3	17736	17538	198	1.1164	94	4	2	46	7	143	0
Shinisaurus_crocodilurus	3	104011	95116	8895	8.552	3791	76	18	3421	475	4981	0
Siderolamprus_cyanochloris	3	45456	38140	7316	16.0947	3540	17	8	67	6	6880	355
Simalia_boeleni	3	6242	6242	0	0.0	0	0	0	0	0	0	0
Simalia_tracyae	3	6929	6925	4	0.0577	2	2	0	0	0	4	0
Sphaerodactylus_glaucus	3	43431	43376	55	0.1266	26	4	0	0	0	55	0
Sphaerodactylus_inigoi	3	72103	69735	2368	3.2842	927	30	61	496	70	1273	468
Sphaerodactylus_townsendi	3	50619	50295	324	0.6401	147	6	13	124	12	175	0
Sphenomorphus_neuhaussi	3	31895	30945	950	2.9785	445	7	2	99	0	820	29
Spondylurus_nitidus	3	32441	32272	169	0.5209	56	18	0	72	36	61	0
Tarentola_annularis	3	68836	68801	35	0.0508	16	3	2	0	0	33	0
Tarentola_mauritanica	3	77519	75146	2373	3.0612	965	23	250	1395	63	447	218
Teratoscincus_roborowskii	3	95789	93711	2078	2.1694	498	69	99	525	576	878	0
Thecadactylus_rapicauda	3	71052	70998	54	0.076	24	6	2	6	0	46	0
Thecadactylus_rapicauda_local	3	91756	89316	2440	2.6592	992	103	364	716	72	1177	111
Tiliqua_scincoides	3	50403	49385	1018	2.0197	283	37	6	333	133	546	0
Tretioscincus_oriximinensis	3	727	725	2	0.2751	1	2	0	0	0	2	0
Trogonophis_wiegmanni_MVZ250710	3	66279	65395	884	1.3338	356	10	6	583	34	229	32
Varanus_acanthurus	3	34054	33694	360	1.0571	149	9	0	173	48	139	0
Varanus_komodoensis	3	35179	34950	229	0.651	103	4	6	68	0	155	0
Vipera_latastei	3	2977	2956	21	0.7054	10	3	0	19	2	0	0
Xantusia_vigilis	3	65890	57180	8710	13.219	3510	63	68	326	95	8221	0
Xenopeltis_unicolor	3	10627	10477	150	1.4115	41	16	0	64	6	80	0
Zootoca_vivipara	3	55146	54798	348	0.6311	128	12	8	201	10	129	0
