species	run_dir	sampled_records	representative_records	combined_records	alignment_records	alignment_width	alignment_bytes	output
Achalinus_rufescens	/scratch/sk4386/sq2_sinederella_2consensus_20260514/run/Achalinus_rufescens/run_20260514_110221	2579	52	54	54	232	13419	alignments/Achalinus_rufescens/sq2_initial_subfam_step1.fa
Acrochordus_granulatus	/scratch/sk4386/sq2_sinederella_2consensus_20260514/run/Acrochordus_granulatus/run_20260514_110221	3696	74	76	76	205	16801	alignments/Acrochordus_granulatus/sq2_initial_subfam_step1.fa
Amphiglossus_igneocaudatus	/scratch/sk4386/sq2_sinederella_2consensus_20260514/run/Amphiglossus_igneocaudatus/run_20260514_171451	29889	598	600	600	355	223281	alignments/Amphiglossus_igneocaudatus/sq2_initial_subfam_step1.fa
Amphisbaena_fuliginosa	/scratch/sk4386/sq2_sinederella_2consensus_20260514/run/Amphisbaena_fuliginosa/run_20260514_171630	30000	600	602	602	389	245095	alignments/Amphisbaena_fuliginosa/sq2_initial_subfam_step1.fa
Anilios_bituberculatus	/scratch/sk4386/sq2_sinederella_2consensus_20260514/run/Anilios_bituberculatus/run_20260514_110221	3933	79	81	81	243	21060	alignments/Anilios_bituberculatus/sq2_initial_subfam_step1.fa
Anilios_erycinus_AMNHR176839	/scratch/sk4386/sq2_sinederella_2consensus_20260514/run/Anilios_erycinus_AMNHR176839/run_20260514_172700	27773	556	558	558	246	146277	alignments/Anilios_erycinus_AMNHR176839/sq2_initial_subfam_step1.fa
Anilius_scytale	/scratch/sk4386/sq2_sinederella_2consensus_20260514/run/Anilius_scytale/run_20260514_110221	7129	143	145	145	226	35026	alignments/Anilius_scytale/sq2_initial_subfam_step1.fa
Anilius_scytale_AMNHR152258	/scratch/sk4386/sq2_sinederella_2consensus_20260514/run/Anilius_scytale_AMNHR152258/run_20260514_172719	8623	173	175	175	253	47156	alignments/Anilius_scytale_AMNHR152258/sq2_initial_subfam_step1.fa
Anniella_stebbinsi	/scratch/sk4386/sq2_sinederella_2consensus_20260514/run/Anniella_stebbinsi/run_20260514_110557	30000	600	602	602	262	167437	alignments/Anniella_stebbinsi/sq2_initial_subfam_step1.fa
Anolis_carolinensis	/scratch/sk4386/sq2_sinederella_2consensus_20260514/run/Anolis_carolinensis/run_20260514_110610	6198	124	126	126	244	32841	alignments/Anolis_carolinensis/sq2_initial_subfam_step1.fa
Aristelliger_praesignis	/scratch/sk4386/sq2_sinederella_2consensus_20260514/run/Aristelliger_praesignis/run_20260514_110639	30000	600	602	602	336	212587	alignments/Aristelliger_praesignis/sq2_initial_subfam_step1.fa
Arizona_elegans	/scratch/sk4386/sq2_sinederella_2consensus_20260514/run/Arizona_elegans/run_20260514_110656	2558	52	54	54	221	12825	alignments/Arizona_elegans/sq2_initial_subfam_step1.fa
Asaccus_caudivolvulus	/scratch/sk4386/sq2_sinederella_2consensus_20260514/run/Asaccus_caudivolvulus/run_20260514_111136	30000	600	602	602	283	180079	alignments/Asaccus_caudivolvulus/sq2_initial_subfam_step1.fa
Aspidoscelis_tigris	/scratch/sk4386/sq2_sinederella_2consensus_20260514/run/Aspidoscelis_tigris/run_20260514_111202	7439	149	151	151	287	45834	alignments/Aspidoscelis_tigris/sq2_initial_subfam_step1.fa
Azemiops_feae	/scratch/sk4386/sq2_sinederella_2consensus_20260514/run/Azemiops_feae/run_20260514_111624	3278	66	68	68	209	15313	alignments/Azemiops_feae/sq2_initial_subfam_step1.fa
Bachia_flavescens_AMNHR151921	/scratch/sk4386/sq2_sinederella_2consensus_20260514/run/Bachia_flavescens_AMNHR151921/run_20260514_173102	2994	60	62	62	261	17255	alignments/Bachia_flavescens_AMNHR151921/sq2_initial_subfam_step1.fa
Basiliscus_vittatus	/scratch/sk4386/sq2_sinederella_2consensus_20260514/run/Basiliscus_vittatus/run_20260514_112038	19218	385	387	387	217	89865	alignments/Basiliscus_vittatus/sq2_initial_subfam_step1.fa
Bavayia_robusta	/scratch/sk4386/sq2_sinederella_2consensus_20260514/run/Bavayia_robusta/run_20260514_105001	30000	600	602	602	265	169243	alignments/Bavayia_robusta/sq2_initial_subfam_step1.fa
Boa_constrictor	/scratch/sk4386/sq2_sinederella_2consensus_20260514/run/Boa_constrictor/run_20260514_112320	7573	152	154	154	208	34423	alignments/Boa_constrictor/sq2_initial_subfam_step1.fa
Brachylophus_fasciatus	/scratch/sk4386/sq2_sinederella_2consensus_20260514/run/Brachylophus_fasciatus/run_20260514_112454	19918	399	401	401	236	100732	alignments/Brachylophus_fasciatus/sq2_initial_subfam_step1.fa
Calamaria_pavimentata_AMNHR147132	/scratch/sk4386/sq2_sinederella_2consensus_20260514/run/Calamaria_pavimentata_AMNHR147132/run_20260514_173237	1368	28	30	30	236	7611	alignments/Calamaria_pavimentata_AMNHR147132/sq2_initial_subfam_step1.fa
Calotes_versicolor	/scratch/sk4386/sq2_sinederella_2consensus_20260514/run/Calotes_versicolor/run_20260514_173311	17485	350	352	352	272	101457	alignments/Calotes_versicolor/sq2_initial_subfam_step1.fa
Candoia_aspera	/scratch/sk4386/sq2_sinederella_2consensus_20260514/run/Candoia_aspera/run_20260514_112725	8818	177	179	179	253	48232	alignments/Candoia_aspera/sq2_initial_subfam_step1.fa
Chamaeleo_calyptratus	/scratch/sk4386/sq2_sinederella_2consensus_20260514/run/Chamaeleo_calyptratus/run_20260514_112945	6911	139	141	141	257	38574	alignments/Chamaeleo_calyptratus/sq2_initial_subfam_step1.fa
Charina_bottae	/scratch/sk4386/sq2_sinederella_2consensus_20260514/run/Charina_bottae/run_20260514_113031	8721	175	177	177	237	44685	alignments/Charina_bottae/sq2_initial_subfam_step1.fa
Christinus_marmoratus	/scratch/sk4386/sq2_sinederella_2consensus_20260514/run/Christinus_marmoratus/run_20260514_113257	30000	600	602	602	710	441347	alignments/Christinus_marmoratus/sq2_initial_subfam_step1.fa
Coleonyx_brevis	/scratch/sk4386/sq2_sinederella_2consensus_20260514/run/Coleonyx_brevis/run_20260514_113301	30000	600	602	602	243	155999	alignments/Coleonyx_brevis/sq2_initial_subfam_step1.fa
Coleonyx_elegans	/scratch/sk4386/sq2_sinederella_2consensus_20260514/run/Coleonyx_elegans/run_20260514_113406	30000	600	602	602	217	139745	alignments/Coleonyx_elegans/sq2_initial_subfam_step1.fa
Corallus_caninus	/scratch/sk4386/sq2_sinederella_2consensus_20260514/run/Corallus_caninus/run_20260514_113505	8333	167	169	169	207	37599	alignments/Corallus_caninus/sq2_initial_subfam_step1.fa
Correlophus_ciliatus	/scratch/sk4386/sq2_sinederella_2consensus_20260514/run/Correlophus_ciliatus/run_20260514_114038	30000	600	602	602	276	175865	alignments/Correlophus_ciliatus/sq2_initial_subfam_step1.fa
Correlophus_ciliatus_local	/scratch/sk4386/sq2_sinederella_2consensus_20260514/run/Correlophus_ciliatus_local/run_20260514_115047	30000	600	602	602	281	178875	alignments/Correlophus_ciliatus_local/sq2_initial_subfam_step1.fa
Correlophus_sarasinorum	/scratch/sk4386/sq2_sinederella_2consensus_20260514/run/Correlophus_sarasinorum/run_20260514_115252	30000	600	602	602	287	182487	alignments/Correlophus_sarasinorum/sq2_initial_subfam_step1.fa
Crotalus_horridus	/scratch/sk4386/sq2_sinederella_2consensus_20260514/run/Crotalus_horridus/run_20260514_115921	2763	56	58	58	202	12667	alignments/Crotalus_horridus/sq2_initial_subfam_step1.fa
Cryptoblepharus_egeriae	/scratch/sk4386/sq2_sinederella_2consensus_20260514/run/Cryptoblepharus_egeriae/run_20260514_120040	14386	288	290	290	273	83891	alignments/Cryptoblepharus_egeriae/sq2_initial_subfam_step1.fa
Cyclura_pinguis	/scratch/sk4386/sq2_sinederella_2consensus_20260514/run/Cyclura_pinguis/run_20260514_120223	20249	405	407	407	244	105901	alignments/Cyclura_pinguis/sq2_initial_subfam_step1.fa
Cylindrophis_ruffus	/scratch/sk4386/sq2_sinederella_2consensus_20260514/run/Cylindrophis_ruffus/run_20260514_120816	7954	160	162	162	227	39285	alignments/Cylindrophis_ruffus/sq2_initial_subfam_step1.fa
Dibamus_smithi	/scratch/sk4386/sq2_sinederella_2consensus_20260514/run/Dibamus_smithi/run_20260514_120820	30000	600	602	602	290	184293	alignments/Dibamus_smithi/sq2_initial_subfam_step1.fa
Diploglossus_plei_MVZ_Herp_230146	/scratch/sk4386/sq2_sinederella_2consensus_20260514/run/Diploglossus_plei_MVZ_Herp_230146/run_20260514_173520	27322	547	549	549	291	168624	alignments/Diploglossus_plei_MVZ_Herp_230146/sq2_initial_subfam_step1.fa
Dopasia_gracilis	/scratch/sk4386/sq2_sinederella_2consensus_20260514/run/Dopasia_gracilis/run_20260514_121113	30000	600	602	602	308	195731	alignments/Dopasia_gracilis/sq2_initial_subfam_step1.fa
Elaphe_schrenckii	/scratch/sk4386/sq2_sinederella_2consensus_20260514/run/Elaphe_schrenckii/run_20260514_121202	2747	55	57	57	229	13989	alignments/Elaphe_schrenckii/sq2_initial_subfam_step1.fa
Elgaria_multicarinata	/scratch/sk4386/sq2_sinederella_2consensus_20260514/run/Elgaria_multicarinata/run_20260514_121411	30000	600	602	602	319	202353	alignments/Elgaria_multicarinata/sq2_initial_subfam_step1.fa
Emoia_atrocostata	/scratch/sk4386/sq2_sinederella_2consensus_20260514/run/Emoia_atrocostata/run_20260514_173540	11958	240	242	242	254	65421	alignments/Emoia_atrocostata/sq2_initial_subfam_step1.fa
Eryx_jayakari	/scratch/sk4386/sq2_sinederella_2consensus_20260514/run/Eryx_jayakari/run_20260514_121524	7064	142	144	144	209	32337	alignments/Eryx_jayakari/sq2_initial_subfam_step1.fa
Eryx_tataricus	/scratch/sk4386/sq2_sinederella_2consensus_20260514/run/Eryx_tataricus/run_20260514_122057	8370	168	170	170	235	42581	alignments/Eryx_tataricus/sq2_initial_subfam_step1.fa
Eublepharis_macularius	/scratch/sk4386/sq2_sinederella_2consensus_20260514/run/Eublepharis_macularius/run_20260514_122546	30000	600	602	602	238	152387	alignments/Eublepharis_macularius/sq2_initial_subfam_step1.fa
Eublepharis_macularius_local	/scratch/sk4386/sq2_sinederella_2consensus_20260514/run/Eublepharis_macularius_local/run_20260514_122647	30000	600	602	602	238	152387	alignments/Eublepharis_macularius_local/sq2_initial_subfam_step1.fa
Euleptes_europaea	/scratch/sk4386/sq2_sinederella_2consensus_20260514/run/Euleptes_europaea/run_20260514_122705	30000	600	602	602	403	253523	alignments/Euleptes_europaea/sq2_initial_subfam_step1.fa
Eutropis_multifasciata	/scratch/sk4386/sq2_sinederella_2consensus_20260514/run/Eutropis_multifasciata/run_20260514_173908	28300	566	568	568	298	178433	alignments/Eutropis_multifasciata/sq2_initial_subfam_step1.fa
Furcifer_pardalis	/scratch/sk4386/sq2_sinederella_2consensus_20260514/run/Furcifer_pardalis/run_20260514_123201	7102	143	145	145	231	35751	alignments/Furcifer_pardalis/sq2_initial_subfam_step1.fa
Gallotia_galloti	/scratch/sk4386/sq2_sinederella_2consensus_20260514/run/Gallotia_galloti/run_20260514_123559	30000	600	602	602	274	174661	alignments/Gallotia_galloti/sq2_initial_subfam_step1.fa
Gambelia_wislizenii	/scratch/sk4386/sq2_sinederella_2consensus_20260514/run/Gambelia_wislizenii/run_20260514_124359	20442	409	411	411	246	107763	alignments/Gambelia_wislizenii/sq2_initial_subfam_step1.fa
Gehyra_mutilata	/scratch/sk4386/sq2_sinederella_2consensus_20260514/run/Gehyra_mutilata/run_20260514_124410	30000	600	602	602	767	476263	alignments/Gehyra_mutilata/sq2_initial_subfam_step1.fa
Gehyra_mutilata_hifi	/scratch/sk4386/sq2_sinederella_2consensus_20260514/run/Gehyra_mutilata_hifi/run_20260514_125022	30000	600	602	602	677	421481	alignments/Gehyra_mutilata_hifi/sq2_initial_subfam_step1.fa
Gehyra_mutilata_local	/scratch/sk4386/sq2_sinederella_2consensus_20260514/run/Gehyra_mutilata_local/run_20260514_125139	30000	600	602	602	758	470845	alignments/Gehyra_mutilata_local/sq2_initial_subfam_step1.fa
Gekko_gecko	/scratch/sk4386/sq2_sinederella_2consensus_20260514/run/Gekko_gecko/run_20260514_125528	30000	600	602	602	926	573787	alignments/Gekko_gecko/sq2_initial_subfam_step1.fa
Gekko_japonicus	/scratch/sk4386/sq2_sinederella_2consensus_20260514/run/Gekko_japonicus/run_20260514_130858	30000	600	602	602	835	517801	alignments/Gekko_japonicus/sq2_initial_subfam_step1.fa
Gekko_japonicus_local	/scratch/sk4386/sq2_sinederella_2consensus_20260514/run/Gekko_japonicus_local/run_20260514_131255	30000	600	602	602	1044	646027	alignments/Gekko_japonicus_local/sq2_initial_subfam_step1.fa
Gerrhopilus_hedraeus	/scratch/sk4386/sq2_sinederella_2consensus_20260514/run/Gerrhopilus_hedraeus/run_20260514_174013	9555	192	194	194	283	58087	alignments/Gerrhopilus_hedraeus/sq2_initial_subfam_step1.fa
Gonatodes_alexandermendesi	/scratch/sk4386/sq2_sinederella_2consensus_20260514/run/Gonatodes_alexandermendesi/run_20260514_131457	22729	455	457	457	233	113417	alignments/Gonatodes_alexandermendesi/sq2_initial_subfam_step1.fa
Heloderma_charlesbogerti	/scratch/sk4386/sq2_sinederella_2consensus_20260514/run/Heloderma_charlesbogerti/run_20260514_132549	30000	600	602	602	303	192721	alignments/Heloderma_charlesbogerti/sq2_initial_subfam_step1.fa
Hemicordylus_capensis	/scratch/sk4386/sq2_sinederella_2consensus_20260514/run/Hemicordylus_capensis/run_20260514_132622	30000	600	602	602	382	240881	alignments/Hemicordylus_capensis/sq2_initial_subfam_step1.fa
Hemidactylus_brookii	/scratch/sk4386/sq2_sinederella_2consensus_20260514/run/Hemidactylus_brookii/run_20260514_133253	30000	600	602	602	219	140949	alignments/Hemidactylus_brookii/sq2_initial_subfam_step1.fa
Hemidactylus_flaviviridis	/scratch/sk4386/sq2_sinederella_2consensus_20260514/run/Hemidactylus_flaviviridis/run_20260514_133757	30000	600	602	602	254	162621	alignments/Hemidactylus_flaviviridis/sq2_initial_subfam_step1.fa
Hemidactylus_frenatus	/scratch/sk4386/sq2_sinederella_2consensus_20260514/run/Hemidactylus_frenatus/run_20260514_134225	30000	600	602	602	291	184895	alignments/Hemidactylus_frenatus/sq2_initial_subfam_step1.fa
Hemidactylus_mabouia	/scratch/sk4386/sq2_sinederella_2consensus_20260514/run/Hemidactylus_mabouia/run_20260514_134748	30000	600	602	602	283	180079	alignments/Hemidactylus_mabouia/sq2_initial_subfam_step1.fa
Hemidactylus_macropholis	/scratch/sk4386/sq2_sinederella_2consensus_20260514/run/Hemidactylus_macropholis/run_20260514_135353	30000	600	602	602	248	159009	alignments/Hemidactylus_macropholis/sq2_initial_subfam_step1.fa
Heteronotia_binoei	/scratch/sk4386/sq2_sinederella_2consensus_20260514/run/Heteronotia_binoei/run_20260514_135545	30000	600	602	602	659	410043	alignments/Heteronotia_binoei/sq2_initial_subfam_step1.fa
Heteronotia_binoei_local	/scratch/sk4386/sq2_sinederella_2consensus_20260514/run/Heteronotia_binoei_local/run_20260514_135907	30000	600	602	602	804	499139	alignments/Heteronotia_binoei_local/sq2_initial_subfam_step1.fa
Holbrookia_maculata_amplify_assembly	/scratch/sk4386/sq2_sinederella_2consensus_20260514/run/Holbrookia_maculata_amplify_assembly/run_20260514_174034	13223	265	267	267	235	66831	alignments/Holbrookia_maculata_amplify_assembly/sq2_initial_subfam_step1.fa
Hydrophis_major	/scratch/sk4386/sq2_sinederella_2consensus_20260514/run/Hydrophis_major/run_20260514_140530	2165	44	46	46	204	10155	alignments/Hydrophis_major/sq2_initial_subfam_step1.fa
Hypsiscopus_plumbea	/scratch/sk4386/sq2_sinederella_2consensus_20260514/run/Hypsiscopus_plumbea/run_20260514_141018	2186	44	46	46	212	10523	alignments/Hypsiscopus_plumbea/sq2_initial_subfam_step1.fa
Iguana_iguana	/scratch/sk4386/sq2_sinederella_2consensus_20260514/run/Iguana_iguana/run_20260514_141034	19701	394	396	396	261	109773	alignments/Iguana_iguana/sq2_initial_subfam_step1.fa
Indotyphlops_braminus	/scratch/sk4386/sq2_sinederella_2consensus_20260514/run/Indotyphlops_braminus/run_20260514_141407	27674	554	556	556	309	181337	alignments/Indotyphlops_braminus/sq2_initial_subfam_step1.fa
Lacerta_agilis	/scratch/sk4386/sq2_sinederella_2consensus_20260514/run/Lacerta_agilis/run_20260514_141946	30000	600	602	602	291	184895	alignments/Lacerta_agilis/sq2_initial_subfam_step1.fa
Lanthanotus_borneensis	/scratch/sk4386/sq2_sinederella_2consensus_20260514/run/Lanthanotus_borneensis/run_20260514_142044	30000	600	602	602	296	187905	alignments/Lanthanotus_borneensis/sq2_initial_subfam_step1.fa
Latastia_doriai	/scratch/sk4386/sq2_sinederella_2consensus_20260514/run/Latastia_doriai/run_20260514_142152	28072	562	564	564	251	150669	alignments/Latastia_doriai/sq2_initial_subfam_step1.fa
Laudakia_wui	/scratch/sk4386/sq2_sinederella_2consensus_20260514/run/Laudakia_wui/run_20260514_143439	18184	364	366	366	265	102927	alignments/Laudakia_wui/sq2_initial_subfam_step1.fa
Lepidodactylus_listeri	/scratch/sk4386/sq2_sinederella_2consensus_20260514/run/Lepidodactylus_listeri/run_20260514_143516	30000	600	602	602	372	234861	alignments/Lepidodactylus_listeri/sq2_initial_subfam_step1.fa
Lepidodactylus_lugubris	/scratch/sk4386/sq2_sinederella_2consensus_20260514/run/Lepidodactylus_lugubris/run_20260514_143556	30000	600	602	602	425	267369	alignments/Lepidodactylus_lugubris/sq2_initial_subfam_step1.fa
Lepidophyma_tuxtlae_AMNHR503212	/scratch/sk4386/sq2_sinederella_2consensus_20260514/run/Lepidophyma_tuxtlae_AMNHR503212/run_20260514_174544	30000	600	602	602	309	196333	alignments/Lepidophyma_tuxtlae_AMNHR503212/sq2_initial_subfam_step1.fa
Lerista_edwardsae	/scratch/sk4386/sq2_sinederella_2consensus_20260514/run/Lerista_edwardsae/run_20260514_143752	23952	480	482	482	326	165407	alignments/Lerista_edwardsae/sq2_initial_subfam_step1.fa
Lialis_burtonis	/scratch/sk4386/sq2_sinederella_2consensus_20260514/run/Lialis_burtonis/run_20260514_144404	30000	600	602	602	253	162019	alignments/Lialis_burtonis/sq2_initial_subfam_step1.fa
Liasis_olivaceus	/scratch/sk4386/sq2_sinederella_2consensus_20260514/run/Liasis_olivaceus/run_20260514_144808	9580	192	194	194	245	50715	alignments/Liasis_olivaceus/sq2_initial_subfam_step1.fa
Lichanura_trivirgata	/scratch/sk4386/sq2_sinederella_2consensus_20260514/run/Lichanura_trivirgata/run_20260514_145332	8992	180	182	182	228	44307	alignments/Lichanura_trivirgata/sq2_initial_subfam_step1.fa
Loxocemus_bicolor	/scratch/sk4386/sq2_sinederella_2consensus_20260514/run/Loxocemus_bicolor/run_20260514_145850	9366	188	190	190	243	49291	alignments/Loxocemus_bicolor/sq2_initial_subfam_step1.fa
Loxocemus_bicolor_amplify_assembly	/scratch/sk4386/sq2_sinederella_2consensus_20260514/run/Loxocemus_bicolor_amplify_assembly/run_20260514_174701	9373	188	190	190	237	47961	alignments/Loxocemus_bicolor_amplify_assembly/sq2_initial_subfam_step1.fa
Mabuya_mabouya	/scratch/sk4386/sq2_sinederella_2consensus_20260514/run/Mabuya_mabouya/run_20260514_174802	25570	512	514	514	313	169701	alignments/Mabuya_mabouya/sq2_initial_subfam_step1.fa
Malayopython_reticulatus	/scratch/sk4386/sq2_sinederella_2consensus_20260514/run/Malayopython_reticulatus/run_20260514_145901	8622	173	175	175	226	42256	alignments/Malayopython_reticulatus/sq2_initial_subfam_step1.fa
Marisora_unimarginata	/scratch/sk4386/sq2_sinederella_2consensus_20260514/run/Marisora_unimarginata/run_20260514_145958	30000	600	602	602	258	165029	alignments/Marisora_unimarginata/sq2_initial_subfam_step1.fa
Mediodactylus_kotschyi	/scratch/sk4386/sq2_sinederella_2consensus_20260514/run/Mediodactylus_kotschyi/run_20260514_150249	30000	600	602	602	679	422685	alignments/Mediodactylus_kotschyi/sq2_initial_subfam_step1.fa
Morelia_carinata	/scratch/sk4386/sq2_sinederella_2consensus_20260514/run/Morelia_carinata/run_20260514_150301	8099	162	164	164	221	38785	alignments/Morelia_carinata/sq2_initial_subfam_step1.fa
Morelia_viridis	/scratch/sk4386/sq2_sinederella_2consensus_20260514/run/Morelia_viridis/run_20260514_150304	9257	186	188	188	232	46517	alignments/Morelia_viridis/sq2_initial_subfam_step1.fa
Myanophis_thanlyinensis	/scratch/sk4386/sq2_sinederella_2consensus_20260514/run/Myanophis_thanlyinensis/run_20260514_150741	2335	47	49	49	209	11057	alignments/Myanophis_thanlyinensis/sq2_initial_subfam_step1.fa
Naja_naja	/scratch/sk4386/sq2_sinederella_2consensus_20260514/run/Naja_naja/run_20260514_150749	1082	22	24	24	200	5241	alignments/Naja_naja/sq2_initial_subfam_step1.fa
Nephrurus_levis	/scratch/sk4386/sq2_sinederella_2consensus_20260514/run/Nephrurus_levis/run_20260514_151014	30000	600	602	602	250	160213	alignments/Nephrurus_levis/sq2_initial_subfam_step1.fa
Oplurus_cyclurus	/scratch/sk4386/sq2_sinederella_2consensus_20260514/run/Oplurus_cyclurus/run_20260514_175217	21110	423	425	425	294	131831	alignments/Oplurus_cyclurus/sq2_initial_subfam_step1.fa
Paroedura_picta	/scratch/sk4386/sq2_sinederella_2consensus_20260514/run/Paroedura_picta/run_20260514_151045	30000	600	602	602	1203	743551	alignments/Paroedura_picta/sq2_initial_subfam_step1.fa
Paroedura_stumpffi	/scratch/sk4386/sq2_sinederella_2consensus_20260514/run/Paroedura_stumpffi/run_20260514_151546	30000	600	602	602	1349	832647	alignments/Paroedura_stumpffi/sq2_initial_subfam_step1.fa
Petracola_ventrimaculatus	/scratch/sk4386/sq2_sinederella_2consensus_20260514/run/Petracola_ventrimaculatus/run_20260514_175237	4744	95	97	97	250	25883	alignments/Petracola_ventrimaculatus/sq2_initial_subfam_step1.fa
Phelsuma_laticauda	/scratch/sk4386/sq2_sinederella_2consensus_20260514/run/Phelsuma_laticauda/run_20260514_152242	30000	600	602	602	590	367903	alignments/Phelsuma_laticauda/sq2_initial_subfam_step1.fa
Pholidobolus_sp	/scratch/sk4386/sq2_sinederella_2consensus_20260514/run/Pholidobolus_sp/run_20260514_175633	4471	90	92	92	268	26209	alignments/Pholidobolus_sp/sq2_initial_subfam_step1.fa
Phyllodactylus_wirshingi	/scratch/sk4386/sq2_sinederella_2consensus_20260514/run/Phyllodactylus_wirshingi/run_20260514_153315	30000	600	602	602	267	170447	alignments/Phyllodactylus_wirshingi/sq2_initial_subfam_step1.fa
Podarcis_cretensis	/scratch/sk4386/sq2_sinederella_2consensus_20260514/run/Podarcis_cretensis/run_20260514_153534	30000	600	602	602	311	197537	alignments/Podarcis_cretensis/sq2_initial_subfam_step1.fa
Podarcis_lilfordi	/scratch/sk4386/sq2_sinederella_2consensus_20260514/run/Podarcis_lilfordi/run_20260514_154625	30000	600	602	602	283	180079	alignments/Podarcis_lilfordi/sq2_initial_subfam_step1.fa
Podarcis_muralis	/scratch/sk4386/sq2_sinederella_2consensus_20260514/run/Podarcis_muralis/run_20260514_154959	30000	600	602	602	283	180079	alignments/Podarcis_muralis/sq2_initial_subfam_step1.fa
Pogona_vitticeps	/scratch/sk4386/sq2_sinederella_2consensus_20260514/run/Pogona_vitticeps/run_20260514_155133	14876	298	300	300	261	83181	alignments/Pogona_vitticeps/sq2_initial_subfam_step1.fa
Pygopus_nigriceps	/scratch/sk4386/sq2_sinederella_2consensus_20260514/run/Pygopus_nigriceps/run_20260514_155226	30000	600	602	602	282	179477	alignments/Pygopus_nigriceps/sq2_initial_subfam_step1.fa
Python_bivittatus	/scratch/sk4386/sq2_sinederella_2consensus_20260514/run/Python_bivittatus/run_20260514_155848	9166	184	186	186	232	46023	alignments/Python_bivittatus/sq2_initial_subfam_step1.fa
Rena_humilis_AMNHR504812	/scratch/sk4386/sq2_sinederella_2consensus_20260514/run/Rena_humilis_AMNHR504812/run_20260514_175956	25225	505	507	507	311	166377	alignments/Rena_humilis_AMNHR504812/sq2_initial_subfam_step1.fa
Rhineura_floridana	/scratch/sk4386/sq2_sinederella_2consensus_20260514/run/Rhineura_floridana/run_20260514_160234	30000	600	602	602	394	248105	alignments/Rhineura_floridana/sq2_initial_subfam_step1.fa
Rhinophis_saffragamus	/scratch/sk4386/sq2_sinederella_2consensus_20260514/run/Rhinophis_saffragamus/run_20260514_160329	4734	95	97	97	219	22779	alignments/Rhinophis_saffragamus/sq2_initial_subfam_step1.fa
Riama_orcesi	/scratch/sk4386/sq2_sinederella_2consensus_20260514/run/Riama_orcesi/run_20260514_180038	26368	528	530	530	288	161201	alignments/Riama_orcesi/sq2_initial_subfam_step1.fa
Salvator_merianae	/scratch/sk4386/sq2_sinederella_2consensus_20260514/run/Salvator_merianae/run_20260514_160450	12358	248	250	250	305	80581	alignments/Salvator_merianae/sq2_initial_subfam_step1.fa
Shinisaurus_crocodilurus	/scratch/sk4386/sq2_sinederella_2consensus_20260514/run/Shinisaurus_crocodilurus/run_20260514_160807	30000	600	602	602	319	202353	alignments/Shinisaurus_crocodilurus/sq2_initial_subfam_step1.fa
Siderolamprus_cyanochloris	/scratch/sk4386/sq2_sinederella_2consensus_20260514/run/Siderolamprus_cyanochloris/run_20260514_180258	30000	600	602	602	289	183691	alignments/Siderolamprus_cyanochloris/sq2_initial_subfam_step1.fa
Simalia_boeleni	/scratch/sk4386/sq2_sinederella_2consensus_20260514/run/Simalia_boeleni/run_20260514_160906	6155	124	126	126	215	29061	alignments/Simalia_boeleni/sq2_initial_subfam_step1.fa
Simalia_tracyae	/scratch/sk4386/sq2_sinederella_2consensus_20260514/run/Simalia_tracyae/run_20260514_161131	6543	131	133	133	203	29075	alignments/Simalia_tracyae/sq2_initial_subfam_step1.fa
Sphaerodactylus_glaucus	/scratch/sk4386/sq2_sinederella_2consensus_20260514/run/Sphaerodactylus_glaucus/run_20260514_161324	30000	600	602	602	322	204159	alignments/Sphaerodactylus_glaucus/sq2_initial_subfam_step1.fa
Sphaerodactylus_inigoi	/scratch/sk4386/sq2_sinederella_2consensus_20260514/run/Sphaerodactylus_inigoi/run_20260514_161503	30000	600	602	602	349	220413	alignments/Sphaerodactylus_inigoi/sq2_initial_subfam_step1.fa
Sphaerodactylus_townsendi	/scratch/sk4386/sq2_sinederella_2consensus_20260514/run/Sphaerodactylus_townsendi/run_20260514_162537	30000	600	602	602	359	226433	alignments/Sphaerodactylus_townsendi/sq2_initial_subfam_step1.fa
Sphenomorphus_neuhaussi	/scratch/sk4386/sq2_sinederella_2consensus_20260514/run/Sphenomorphus_neuhaussi/run_20260514_180336	24570	492	494	494	306	159643	alignments/Sphenomorphus_neuhaussi/sq2_initial_subfam_step1.fa
Spondylurus_nitidus	/scratch/sk4386/sq2_sinederella_2consensus_20260514/run/Spondylurus_nitidus/run_20260514_162735	25530	511	513	513	307	166293	alignments/Spondylurus_nitidus/sq2_initial_subfam_step1.fa
Tarentola_annularis	/scratch/sk4386/sq2_sinederella_2consensus_20260514/run/Tarentola_annularis/run_20260514_162834	30000	600	602	602	375	236667	alignments/Tarentola_annularis/sq2_initial_subfam_step1.fa
Tarentola_mauritanica	/scratch/sk4386/sq2_sinederella_2consensus_20260514/run/Tarentola_mauritanica/run_20260514_163214	30000	600	602	602	397	249911	alignments/Tarentola_mauritanica/sq2_initial_subfam_step1.fa
Teratoscincus_roborowskii	/scratch/sk4386/sq2_sinederella_2consensus_20260514/run/Teratoscincus_roborowskii/run_20260514_163923	30000	600	602	602	350	221015	alignments/Teratoscincus_roborowskii/sq2_initial_subfam_step1.fa
Thecadactylus_rapicauda	/scratch/sk4386/sq2_sinederella_2consensus_20260514/run/Thecadactylus_rapicauda/run_20260514_164149	30000	600	602	602	243	155999	alignments/Thecadactylus_rapicauda/sq2_initial_subfam_step1.fa
Thecadactylus_rapicauda_local	/scratch/sk4386/sq2_sinederella_2consensus_20260514/run/Thecadactylus_rapicauda_local/run_20260514_164823	30000	600	602	602	353	222821	alignments/Thecadactylus_rapicauda_local/sq2_initial_subfam_step1.fa
Tiliqua_scincoides	/scratch/sk4386/sq2_sinederella_2consensus_20260514/run/Tiliqua_scincoides/run_20260514_165408	30000	600	602	602	329	208373	alignments/Tiliqua_scincoides/sq2_initial_subfam_step1.fa
Tretioscincus_oriximinensis	/scratch/sk4386/sq2_sinederella_2consensus_20260514/run/Tretioscincus_oriximinensis/run_20260514_165744	789	16	18	18	218	4275	alignments/Tretioscincus_oriximinensis/sq2_initial_subfam_step1.fa
Trogonophis_wiegmanni_MVZ250710	/scratch/sk4386/sq2_sinederella_2consensus_20260514/run/Trogonophis_wiegmanni_MVZ250710/run_20260514_180949	30000	600	602	602	457	286633	alignments/Trogonophis_wiegmanni_MVZ250710/sq2_initial_subfam_step1.fa
Varanus_acanthurus	/scratch/sk4386/sq2_sinederella_2consensus_20260514/run/Varanus_acanthurus/run_20260514_165813	25951	519	521	521	273	150650	alignments/Varanus_acanthurus/sq2_initial_subfam_step1.fa
Varanus_komodoensis	/scratch/sk4386/sq2_sinederella_2consensus_20260514/run/Varanus_komodoensis/run_20260514_170019	27297	546	548	548	262	152425	alignments/Varanus_komodoensis/sq2_initial_subfam_step1.fa
Vipera_latastei	/scratch/sk4386/sq2_sinederella_2consensus_20260514/run/Vipera_latastei/run_20260514_170543	2579	52	54	54	208	12123	alignments/Vipera_latastei/sq2_initial_subfam_step1.fa
Xantusia_vigilis	/scratch/sk4386/sq2_sinederella_2consensus_20260514/run/Xantusia_vigilis/run_20260514_170936	30000	600	602	602	289	183691	alignments/Xantusia_vigilis/sq2_initial_subfam_step1.fa
Xenopeltis_unicolor	/scratch/sk4386/sq2_sinederella_2consensus_20260514/run/Xenopeltis_unicolor/run_20260514_171047	8359	168	170	170	245	44451	alignments/Xenopeltis_unicolor/sq2_initial_subfam_step1.fa
Zootoca_vivipara	/scratch/sk4386/sq2_sinederella_2consensus_20260514/run/Zootoca_vivipara/run_20260514_171130	30000	600	602	602	318	201751	alignments/Zootoca_vivipara/sq2_initial_subfam_step1.fa
