Pos	Ref	A	C	G	T	Gap	Nongap	Total	Called	Freq
1	T	55	18	11	188	209	272	481	T	0.3909
2	A	206	14	33	39	189	292	481	A	0.4283
3	G	58	23	191	24	185	296	481	G	0.3971
4	C	20	169	39	77	176	305	481	C	0.3514
5	T	18	47	7	246	163	318	481	T	0.5114
6	C	27	214	18	68	154	327	481	C	0.4449
7	A	252	26	29	29	145	336	481	A	0.5239
8	G	75	13	225	27	140	340	481	G	0.4678
9	T	35	33	45	239	129	352	481	T	0.4969
10	G	84	17	221	36	123	358	481	G	0.4595
11	G	92	33	218	26	112	369	481	G	0.4532
12	T	49	107	38	191	96	385	481	T	0.3971
13	A	297	13	57	29	85	396	481	A	0.6175
14	G	112	28	243	21	77	404	481	G	0.5052
15	A	311	16	54	27	73	408	481	A	0.6466
16	G	121	35	229	26	70	411	481	G	0.4761
17	C	50	251	27	84	69	412	481	C	0.5218
18	A	325	24	35	32	65	416	481	A	0.6757
19	T	85	138	33	167	55	423	481	-	0.3472
20	A	195	121	50	61	54	427	481	A	0.4054
21	T	46	41	19	327	48	433	481	T	0.6798
22	G	82	32	273	48	45	435	481	G	0.5676
23	C	41	238	35	126	41	440	481	C	0.4948
24	T	29	66	10	351	25	456	481	T	0.7297
25	T	23	56	19	361	22	459	481	T	0.7505
26	T	31	32	52	347	19	462	481	T	0.7214
27	G	75	31	316	39	20	461	481	G	0.6570
28	C	86	255	24	98	17	463	481	C	0.5301
29	A	362	30	39	32	18	463	481	A	0.7526
30	T	80	44	22	318	17	464	481	T	0.6611
31	G	126	27	265	44	19	462	481	G	0.5509
32	C	45	287	40	90	18	462	481	C	0.5967
33	A	361	26	33	39	22	459	481	A	0.7505
34	G	168	17	247	29	20	461	481	G	0.5135
35	A	380	11	56	17	17	464	481	A	0.7900
36	A	344	13	71	32	21	460	481	A	0.7152
37	G	127	21	259	49	24	456	481	G	0.5385
38	G	132	21	249	53	26	455	481	G	0.5177
39	T	38	71	28	317	27	454	481	T	0.6590
40	C	29	237	33	153	29	452	481	C	0.4927
41	C	70	227	40	118	25	455	481	C	0.4719
42	C	56	266	24	110	24	456	481	C	0.5530
43	A	284	39	54	78	26	455	481	A	0.5904
44	G	129	27	262	42	21	460	481	G	0.5447
45	G	117	41	247	57	19	462	481	G	0.5135
46	T	30	50	17	365	19	462	481	T	0.7588
47	T	30	45	18	371	17	464	481	T	0.7713
48	C	46	276	27	110	22	459	481	C	0.5738
49	A	344	33	47	37	20	461	481	A	0.7152
50	A	270	30	112	50	18	462	481	A	0.5613
51	T	40	57	26	338	20	461	481	T	0.7027
52	C	38	226	28	163	23	455	481	C	0.4699
53	C	36	269	19	139	17	463	481	C	0.5593
54	C	43	274	16	128	20	461	481	C	0.5696
55	T	51	117	14	279	19	461	481	T	0.5800
56	G	176	16	219	48	22	459	481	G	0.4553
57	G	104	46	265	39	27	454	481	G	0.5509
58	C	51	261	31	107	30	450	481	C	0.5426
59	A	301	48	39	67	26	455	481	A	0.6258
60	T	38	69	26	318	30	451	481	T	0.6611
61	C	27	249	19	159	27	454	481	C	0.5177
62	T	24	63	15	351	28	453	481	T	0.7297
63	C	32	270	28	112	37	442	481	C	0.5613
64	C	56	247	22	117	39	442	481	C	0.5135
65	A	283	42	71	46	39	442	481	A	0.5884
66	G	138	20	221	63	39	442	481	G	0.4595
67	G	119	34	210	78	40	441	481	G	0.4366
68	T	100	54	61	225	41	440	481	T	0.4678
69	A	312	18	85	28	36	443	481	A	0.6486
70	G	156	20	219	43	43	438	481	G	0.4553
71	G	130	30	238	38	45	436	481	G	0.4948
72	C	73	165	81	120	42	439	481	-	0.3430
73	T	86	98	33	229	35	446	481	T	0.4761
74	G	106	25	207	114	29	452	481	G	0.4304
75	G	125	22	256	52	26	455	481	G	0.5322
76	G	153	34	229	39	26	455	481	G	0.4761
77	A	310	20	96	31	24	457	481	A	0.6445
78	A	307	30	85	40	19	462	481	A	0.6383
79	A	315	22	75	44	25	456	481	A	0.6549
80	G	186	35	190	38	32	449	481	G	0.3950
81	A	288	24	91	44	34	447	481	A	0.5988
82	T	87	139	35	176	44	437	481	T	0.3659
83	T	57	133	41	215	35	446	481	T	0.4470
84	T	52	164	30	201	34	447	481	T	0.4179
85	C	58	231	33	123	34	445	481	C	0.4802
86	T	50	56	25	317	33	448	481	T	0.6590
87	G	107	56	198	81	38	442	481	G	0.4116
88	T	33	151	44	219	34	447	481	T	0.4553
89	C	50	240	32	122	36	444	481	C	0.4990
90	T	57	53	34	312	25	456	481	T	0.6486
91	G	126	42	244	43	25	455	481	G	0.5073
92	A	335	26	62	36	22	459	481	A	0.6965
93	A	331	32	53	44	21	460	481	A	0.6881
94	A	303	41	45	65	24	454	481	A	0.6299
95	C	66	223	47	113	32	449	481	C	0.4636
96	C	53	243	21	138	25	455	481	C	0.5052
97	C	44	259	25	128	25	456	481	C	0.5385
98	T	58	57	25	314	27	454	481	T	0.6528
99	G	126	26	247	48	33	447	481	G	0.5135
100	G	104	48	263	38	28	453	481	G	0.5468
101	A	330	20	69	31	31	450	481	A	0.6861
102	G	149	40	215	44	33	448	481	G	0.4470
103	A	345	17	52	30	37	444	481	A	0.7173
104	G	150	33	221	36	40	440	481	G	0.4595
105	C	67	232	30	112	40	441	481	C	0.4823
106	T	62	95	26	255	43	438	481	T	0.5301
107	G	134	43	202	56	45	435	481	G	0.4200
108	C	49	233	28	128	42	438	481	C	0.4844
109	T	42	50	26	325	38	443	481	T	0.6757
110	G	105	40	236	59	41	440	481	G	0.4906
111	C	39	257	43	105	37	444	481	C	0.5343
112	C	48	257	27	109	40	441	481	C	0.5343
113	A	301	31	59	51	39	442	481	A	0.6258
114	G	142	36	227	41	35	446	481	G	0.4719
115	T	51	73	36	288	33	448	481	T	0.5988
116	C	47	275	40	91	28	453	481	C	0.5717
117	A	253	37	48	108	35	446	481	A	0.5260
118	G	114	56	220	55	36	445	481	G	0.4574
119	T	84	59	41	261	36	445	481	T	0.5426
120	G	147	35	226	41	32	449	481	G	0.4699
121	T	63	91	31	262	33	447	481	T	0.5447
122	A	286	42	66	55	32	449	481	A	0.5946
123	G	140	36	237	40	28	453	481	G	0.4927
124	A	301	29	87	34	30	451	481	A	0.6258
125	C	64	218	35	128	35	445	481	C	0.4532
126	A	345	24	44	36	31	449	481	A	0.7173
127	A	256	26	123	38	37	443	481	A	0.5322
128	T	61	80	36	265	39	442	481	T	0.5509
129	A	267	40	77	52	44	436	481	A	0.5551
130	C	63	209	43	117	47	432	481	C	0.4345
131	T	50	48	40	300	43	438	481	T	0.6237
132	G	119	31	249	44	38	443	481	G	0.5177
133	A	296	17	83	46	38	442	481	A	0.6154
134	A	153	61	161	75	30	450	481	-	0.3347
135	C	46	242	43	116	34	447	481	C	0.5031
136	T	73	51	37	292	28	453	481	T	0.6071
137	A	289	26	70	71	25	456	481	A	0.6008
138	G	133	38	247	40	23	458	481	G	0.5135
139	A	311	33	72	44	20	460	481	A	0.6466
140	T	57	72	43	287	22	459	481	T	0.5967
141	G	151	21	234	52	23	458	481	G	0.4865
142	G	130	39	259	32	20	460	481	G	0.5385
143	A	306	31	80	42	22	459	481	A	0.6362
144	C	49	233	39	134	25	455	481	C	0.4844
145	C	89	248	25	93	26	455	481	C	0.5156
146	A	315	40	52	44	30	451	481	A	0.6549
147	A	270	31	105	43	32	449	481	A	0.5613
148	T	68	58	44	280	31	450	481	T	0.5821
149	G	137	20	221	65	38	443	481	G	0.4595
150	G	121	36	216	66	42	439	481	G	0.4491
151	T	54	77	29	280	41	440	481	T	0.5821
152	C	56	238	31	119	37	444	481	C	0.4948
153	T	39	55	23	326	38	443	481	T	0.6778
154	G	117	47	228	45	44	437	481	G	0.4740
155	A	287	32	54	61	47	434	481	A	0.5967
156	T	56	114	32	222	57	424	481	T	0.4615
157	T	62	50	32	282	55	426	481	T	0.5863
158	T	50	144	31	199	57	424	481	T	0.4137
159	A	234	36	89	58	64	417	481	A	0.4865
160	G	111	32	215	55	66	413	481	G	0.4470
161	T	58	72	39	237	75	406	481	T	0.4927
162	A	247	30	74	53	77	404	481	A	0.5135
163	T	71	66	36	228	80	401	481	T	0.4740
164	A	238	37	69	52	84	396	481	A	0.4948
165	A	271	29	49	46	86	395	481	A	0.5634
166	G	91	26	218	54	91	389	481	G	0.4532
167	G	106	22	200	54	99	382	481	G	0.4158
168	C	49	210	29	92	101	380	481	C	0.4366
169	A	248	35	35	65	98	383	481	A	0.5156
170	G	93	32	170	83	103	378	481	G	0.3534
171	T	36	128	29	178	109	371	481	T	0.3701
172	T	38	57	23	248	114	366	481	T	0.5156
173	T	33	41	28	261	117	363	481	T	0.5426
174	C	44	115	29	165	128	353	481	-	0.3430
175	T	36	126	26	164	129	352	481	-	0.3410
176	T	51	38	19	239	134	347	481	T	0.4969
177	A	153	17	47	122	142	339	481	-	0.3181
